{
    "EMPLOYEE_ID": "40e5b5ac-e921-408a-9bf3-8c4e3c0d8fc8",
    "NAME": "Saurav Ganguly",
    "reportees": [
        {
            "EMPLOYEE_ID": "42ca4e80-8152-485f-8b50-398f365e8731",
            "NAME": "Sachin Tendulkar",
            "reportees": [
                {
                    "EMPLOYEE_ID": "0c2f515e-8b09-4da7-a4ca-94b51bf4a954",
                    "NAME": "Shruti Hassan",
                    "reportees": []
                },
                {
                    "EMPLOYEE_ID": "TENANT2211180cf6739a8245b1ab32b2f3dac17662",
                    "NAME": "Manish S Sharma",
                    "reportees": []
                }
            ]
        },
        {
            "EMPLOYEE_ID": "TENANTPL/003612",
            "NAME": "Mohammad Azharuddin",
            "reportees": [
                {
                    "EMPLOYEE_ID": "TENANTPL/005896",
                    "NAME": "Jaspreet Bumrah",
                    "reportees": []
                }
            ]
        },
        {
            "EMPLOYEE_ID": "TENANTPL/006867",
            "NAME": "Sunil Manohar Gavaskar",
            "reportees": [
                {
                    "EMPLOYEE_ID": "TENANTPL/012431",
                    "NAME": "Amitabh Harivansh Rai Bachan",
                    "reportees": [
                        {
                            "EMPLOYEE_ID": "TENANTo/124cf4a894145c49318d819067f1ab2b11",
                            "NAME": "Rohit K Sharma",
                            "reportees": [
                                {
                                    "EMPLOYEE_ID": "TENANT122388163c8704264e02a0b6a70e4fb6d4f6",
                                    "NAME": "Ashish Karan Agarwal",
                                    "reportees": []
                                },
                                {
                                    "EMPLOYEE_ID": "TENANT12226d3fc48078074975aa44570123a17a6b",
                                    "NAME": "Manish Sharad Thakur",
                                    "reportees": []
                                },
                                {
                                    "EMPLOYEE_ID": "TENANTwqwqa318a927cea74db39107ef9e074bb64d",
                                    "NAME": "Rohan Gavaskar",
                                    "reportees": []
                                },
                                {
                                    "EMPLOYEE_ID": "TENANT123410c882b2fe93484a9ac69d92f1e7c0b9",
                                    "NAME": "Manisha Koirala",
                                    "reportees": []
                                },
                                {
                                    "EMPLOYEE_ID": "59b83532b32e4bada65245fbffe77505",
                                    "NAME": "Anand Tandon",
                                    "reportees": []
                                },
                                {
                                    "EMPLOYEE_ID": "efd782d0f2754363b12a17fed68639f4",
                                    "NAME": "Runa Laila",
                                    "reportees": []
                                }
                            ]
                        }
                    ]
                }
            ]
        },
        {
            "EMPLOYEE_ID": "TENANTPL/007547",
            "NAME": "Bikash Agrawal",
            "reportees": []
        },
        {
            "EMPLOYEE_ID": "TENANTPL/008682",
            "NAME": "Mohammad Shahabaaz",
            "reportees": []
        },
        {
            "EMPLOYEE_ID": "TENANTPL/013360",
            "NAME": "Shah Rukh Rukh Khan",
            "reportees": []
        },
        {
            "EMPLOYEE_ID": "TENANTPL/014432",
            "NAME": "Virat  Kohli",
            "reportees": []
        }
    ]
}